time,AQI
2022-03-01 00:00:00,85
2022-03-02 00:00:00,71
2022-03-03 00:00:00,88
2022-03-04 00:00:00,93
2022-03-05 00:00:00,118
2022-03-06 00:00:00,97
2022-03-07 00:00:00,90
2022-03-08 00:00:00,113
2022-03-09 00:00:00,106
2022-03-10 00:00:00,97
2022-03-11 00:00:00,112
2022-03-12 00:00:00,162
2022-03-13 00:00:00,186
2022-03-14 00:00:00,286
2022-03-15 00:00:00,285
2022-03-16 00:00:00,192
2022-03-17 00:00:00,54
2022-03-18 00:00:00,59
2022-03-19 00:00:00,75
2022-03-20 00:00:00,88
2022-03-21 00:00:00,127
2022-03-22 00:00:00,129
2022-03-23 00:00:00,92
2022-03-24 00:00:00,66
2022-03-25 00:00:00,54
2022-03-26 00:00:00,66
2022-03-27 00:00:00,71
2022-03-28 00:00:00,70
2022-03-29 00:00:00,87
2022-03-30 00:00:00,130
2022-03-31 00:00:00,85
2022-02-01 00:00:00,44
2022-02-02 00:00:00,58
2022-02-03 00:00:00,71
2022-02-04 00:00:00,83
2022-02-05 00:00:00,47
2022-02-06 00:00:00,55
2022-02-07 00:00:00,59
2022-02-08 00:00:00,71
2022-02-09 00:00:00,92
2022-02-10 00:00:00,110
2022-02-11 00:00:00,103
2022-02-12 00:00:00,80
2022-02-13 00:00:00,143
2022-02-14 00:00:00,107
2022-02-15 00:00:00,75
2022-02-16 00:00:00,77
2022-02-17 00:00:00,79
2022-02-18 00:00:00,126
2022-02-19 00:00:00,119
2022-02-20 00:00:00,73
2022-02-21 00:00:00,41
2022-02-22 00:00:00,58
2022-02-23 00:00:00,69
2022-02-24 00:00:00,118
2022-02-25 00:00:00,94
2022-02-26 00:00:00,68
2022-02-27 00:00:00,77
2022-02-28 00:00:00,76
2022-01-01 00:00:00,85
2022-01-02 00:00:00,87
2022-01-03 00:00:00,141
2022-01-04 00:00:00,132
2022-01-05 00:00:00,151
2022-01-06 00:00:00,165
2022-01-07 00:00:00,107
2022-01-08 00:00:00,122
2022-01-09 00:00:00,167
2022-01-10 00:00:00,221
2022-01-11 00:00:00,242
2022-01-12 00:00:00,214
2022-01-13 00:00:00,169
2022-01-14 00:00:00,135
2022-01-15 00:00:00,132
2022-01-16 00:00:00,135
2022-01-17 00:00:00,128
2022-01-18 00:00:00,187
2022-01-19 00:00:00,232
2022-01-20 00:00:00,126
2022-01-21 00:00:00,96
2022-01-22 00:00:00,161
2022-01-23 00:00:00,197
2022-01-24 00:00:00,150
2022-01-25 00:00:00,196
2022-01-26 00:00:00,223
2022-01-27 00:00:00,188
2022-01-28 00:00:00,132
2022-01-29 00:00:00,167
2022-01-30 00:00:00,136
2022-01-31 00:00:00,65
2021-12-01 00:00:00,54
2021-12-02 00:00:00,53
2021-12-03 00:00:00,58
2021-12-04 00:00:00,67
2021-12-05 00:00:00,89
2021-12-06 00:00:00,76
2021-12-07 00:00:00,54
2021-12-08 00:00:00,84
2021-12-09 00:00:00,152
2021-12-10 00:00:00,213
2021-12-11 00:00:00,154
2021-12-12 00:00:00,86
2021-12-13 00:00:00,85
2021-12-14 00:00:00,104
2021-12-15 00:00:00,87
2021-12-16 00:00:00,63
2021-12-17 00:00:00,56
2021-12-18 00:00:00,59
2021-12-19 00:00:00,68
2021-12-20 00:00:00,59
2021-12-21 00:00:00,68
2021-12-22 00:00:00,113
2021-12-23 00:00:00,155
2021-12-24 00:00:00,69
2021-12-25 00:00:00,42
2021-12-26 00:00:00,66
2021-12-27 00:00:00,59
2021-12-28 00:00:00,66
2021-12-29 00:00:00,57
2021-12-30 00:00:00,53
2021-12-31 00:00:00,82
2021-11-01 00:00:00,154
2021-11-02 00:00:00,139
2021-11-03 00:00:00,86
2021-11-04 00:00:00,98
2021-11-05 00:00:00,147
2021-11-06 00:00:00,163
2021-11-07 00:00:00,42
2021-11-08 00:00:00,39
2021-11-09 00:00:00,34
2021-11-10 00:00:00,46
2021-11-11 00:00:00,50
2021-11-12 00:00:00,61
2021-11-13 00:00:00,71
2021-11-14 00:00:00,69
2021-11-15 00:00:00,95
2021-11-16 00:00:00,159
2021-11-17 00:00:00,148
2021-11-18 00:00:00,92
2021-11-19 00:00:00,131
2021-11-20 00:00:00,178
2021-11-21 00:00:00,88
2021-11-22 00:00:00,57
2021-11-23 00:00:00,56
2021-11-24 00:00:00,78
2021-11-25 00:00:00,84
2021-11-26 00:00:00,104
2021-11-27 00:00:00,150
2021-11-28 00:00:00,110
2021-11-29 00:00:00,88
2021-11-30 00:00:00,55
2021-10-01 00:00:00,87
2021-10-02 00:00:00,93
2021-10-03 00:00:00,66
2021-10-04 00:00:00,43
2021-10-05 00:00:00,27
2021-10-06 00:00:00,19
2021-10-07 00:00:00,40
2021-10-08 00:00:00,56
2021-10-09 00:00:00,77
2021-10-10 00:00:00,66
2021-10-11 00:00:00,48
2021-10-12 00:00:00,46
2021-10-13 00:00:00,64
2021-10-14 00:00:00,89
2021-10-15 00:00:00,76
2021-10-16 00:00:00,45
2021-10-17 00:00:00,52
2021-10-18 00:00:00,71
2021-10-19 00:00:00,83
2021-10-20 00:00:00,61
2021-10-21 00:00:00,79
2021-10-22 00:00:00,89
2021-10-23 00:00:00,87
2021-10-24 00:00:00,101
2021-10-25 00:00:00,98
2021-10-26 00:00:00,99
2021-10-27 00:00:00,92
2021-10-28 00:00:00,72
2021-10-29 00:00:00,89
2021-10-30 00:00:00,83
2021-10-31 00:00:00,117
2021-09-01 00:00:00,26
2021-09-02 00:00:00,52
2021-09-03 00:00:00,49
2021-09-04 00:00:00,31
2021-09-05 00:00:00,37
2021-09-06 00:00:00,47
2021-09-07 00:00:00,50
2021-09-08 00:00:00,49
2021-09-09 00:00:00,59
2021-09-10 00:00:00,77
2021-09-11 00:00:00,77
2021-09-12 00:00:00,74
2021-09-13 00:00:00,69
2021-09-14 00:00:00,86
2021-09-15 00:00:00,63
2021-09-16 00:00:00,59
2021-09-17 00:00:00,53
2021-09-18 00:00:00,34
2021-09-19 00:00:00,21
2021-09-20 00:00:00,35
2021-09-21 00:00:00,42
2021-09-22 00:00:00,64
2021-09-23 00:00:00,48
2021-09-24 00:00:00,50
2021-09-25 00:00:00,24
2021-09-26 00:00:00,24
2021-09-27 00:00:00,50
2021-09-28 00:00:00,36
2021-09-29 00:00:00,43
2021-09-30 00:00:00,50
2021-08-01 00:00:00,55
2021-08-02 00:00:00,45
2021-08-03 00:00:00,54
2021-08-04 00:00:00,64
2021-08-05 00:00:00,43
2021-08-06 00:00:00,66
2021-08-07 00:00:00,53
2021-08-08 00:00:00,49
2021-08-09 00:00:00,55
2021-08-10 00:00:00,54
2021-08-11 00:00:00,62
2021-08-12 00:00:00,60
2021-08-13 00:00:00,59
2021-08-14 00:00:00,64
2021-08-15 00:00:00,66
2021-08-16 00:00:00,52
2021-08-17 00:00:00,51
2021-08-18 00:00:00,66
2021-08-19 00:00:00,64
2021-08-20 00:00:00,43
2021-08-21 00:00:00,44
2021-08-22 00:00:00,41
2021-08-23 00:00:00,34
2021-08-24 00:00:00,53
2021-08-25 00:00:00,54
2021-08-26 00:00:00,51
2021-08-27 00:00:00,43
2021-08-28 00:00:00,41
2021-08-29 00:00:00,26
2021-08-30 00:00:00,30
2021-08-31 00:00:00,22
2021-07-01 00:00:00,41
2021-07-02 00:00:00,45
2021-07-03 00:00:00,50
2021-07-04 00:00:00,63
2021-07-05 00:00:00,44
2021-07-06 00:00:00,42
2021-07-07 00:00:00,49
2021-07-08 00:00:00,63
2021-07-09 00:00:00,56
2021-07-10 00:00:00,64
2021-07-11 00:00:00,32
2021-07-12 00:00:00,31
2021-07-13 00:00:00,62
2021-07-14 00:00:00,49
2021-07-15 00:00:00,37
2021-07-16 00:00:00,40
2021-07-17 00:00:00,41
2021-07-18 00:00:00,25
2021-07-19 00:00:00,26
2021-07-20 00:00:00,28
2021-07-21 00:00:00,21
2021-07-22 00:00:00,19
2021-07-23 00:00:00,30
2021-07-24 00:00:00,35
2021-07-25 00:00:00,41
2021-07-26 00:00:00,48
2021-07-27 00:00:00,46
2021-07-28 00:00:00,30
2021-07-29 00:00:00,37
2021-07-30 00:00:00,51
2021-07-31 00:00:00,80
2021-06-01 00:00:00,81
2021-06-02 00:00:00,87
2021-06-03 00:00:00,60
2021-06-04 00:00:00,54
2021-06-05 00:00:00,87
2021-06-06 00:00:00,92
2021-06-07 00:00:00,101
2021-06-08 00:00:00,78
2021-06-09 00:00:00,85
2021-06-10 00:00:00,91
2021-06-11 00:00:00,101
2021-06-12 00:00:00,77
2021-06-13 00:00:00,46
2021-06-14 00:00:00,49
2021-06-15 00:00:00,49
2021-06-16 00:00:00,55
2021-06-17 00:00:00,34
2021-06-18 00:00:00,42
2021-06-19 00:00:00,74
2021-06-20 00:00:00,64
2021-06-21 00:00:00,85
2021-06-22 00:00:00,80
2021-06-23 00:00:00,78
2021-06-24 00:00:00,81
2021-06-25 00:00:00,70
2021-06-26 00:00:00,72
2021-06-27 00:00:00,50
2021-06-28 00:00:00,75
2021-06-29 00:00:00,52
2021-06-30 00:00:00,60
2021-05-01 00:00:00,65
2021-05-02 00:00:00,57
2021-05-03 00:00:00,57
2021-05-04 00:00:00,93
2021-05-05 00:00:00,64
2021-05-06 00:00:00,117
2021-05-07 00:00:00,210
2021-05-08 00:00:00,126
2021-05-09 00:00:00,106
2021-05-10 00:00:00,96
2021-05-11 00:00:00,66
2021-05-12 00:00:00,81
2021-05-13 00:00:00,76
2021-05-14 00:00:00,63
2021-05-15 00:00:00,65
2021-05-16 00:00:00,25
2021-05-17 00:00:00,50
2021-05-18 00:00:00,68
2021-05-19 00:00:00,80
2021-05-20 00:00:00,76
2021-05-21 00:00:00,73
2021-05-22 00:00:00,72
2021-05-23 00:00:00,64
2021-05-24 00:00:00,80
2021-05-25 00:00:00,89
2021-05-26 00:00:00,72
2021-05-27 00:00:00,76
2021-05-28 00:00:00,108
2021-05-29 00:00:00,92
2021-05-30 00:00:00,87
2021-05-31 00:00:00,86
2021-04-01 00:00:00,90
2021-04-02 00:00:00,75
2021-04-03 00:00:00,78
2021-04-04 00:00:00,53
2021-04-05 00:00:00,62
2021-04-06 00:00:00,72
2021-04-07 00:00:00,109
2021-04-08 00:00:00,108
2021-04-09 00:00:00,97
2021-04-10 00:00:00,65
2021-04-11 00:00:00,73
2021-04-12 00:00:00,91
2021-04-13 00:00:00,70
2021-04-14 00:00:00,58
2021-04-15 00:00:00,146
2021-04-16 00:00:00,353
2021-04-17 00:00:00,86
2021-04-18 00:00:00,80
2021-04-19 00:00:00,69
2021-04-20 00:00:00,52
2021-04-21 00:00:00,50
2021-04-22 00:00:00,81
2021-04-23 00:00:00,99
2021-04-24 00:00:00,55
2021-04-25 00:00:00,58
2021-04-26 00:00:00,57
2021-04-27 00:00:00,82
2021-04-28 00:00:00,75
2021-04-29 00:00:00,96
2021-04-30 00:00:00,101
2021-03-01 00:00:00,54
2021-03-02 00:00:00,85
2021-03-03 00:00:00,80
2021-03-04 00:00:00,79
2021-03-05 00:00:00,123
2021-03-06 00:00:00,64
2021-03-07 00:00:00,73
2021-03-08 00:00:00,121
2021-03-09 00:00:00,111
2021-03-10 00:00:00,68
2021-03-11 00:00:00,88
2021-03-12 00:00:00,102
2021-03-13 00:00:00,98
2021-03-14 00:00:00,103
2021-03-15 00:00:00,139
2021-03-16 00:00:00,388
2021-03-17 00:00:00,208
2021-03-18 00:00:00,108
2021-03-19 00:00:00,114
2021-03-20 00:00:00,147
2021-03-21 00:00:00,85
2021-03-22 00:00:00,62
2021-03-23 00:00:00,83
2021-03-24 00:00:00,109
2021-03-25 00:00:00,111
2021-03-26 00:00:00,88
2021-03-27 00:00:00,127
2021-03-28 00:00:00,258
2021-03-29 00:00:00,398
2021-03-30 00:00:00,213
2021-03-31 00:00:00,121
2021-02-01 00:00:00,91
2021-02-02 00:00:00,99
2021-02-03 00:00:00,102
2021-02-04 00:00:00,109
2021-02-05 00:00:00,91
2021-02-06 00:00:00,75
2021-02-07 00:00:00,103
2021-02-08 00:00:00,72
2021-02-09 00:00:00,96
2021-02-10 00:00:00,145
2021-02-11 00:00:00,126
2021-02-12 00:00:00,143
2021-02-13 00:00:00,157
2021-02-14 00:00:00,131
2021-02-15 00:00:00,125
2021-02-16 00:00:00,65
2021-02-17 00:00:00,64
2021-02-18 00:00:00,86
2021-02-19 00:00:00,75
2021-02-20 00:00:00,70
2021-02-21 00:00:00,71
2021-02-22 00:00:00,102
2021-02-23 00:00:00,69
2021-02-24 00:00:00,72
2021-02-25 00:00:00,102
2021-02-26 00:00:00,142
2021-02-27 00:00:00,148
2021-02-28 00:00:00,84
2021-01-01 00:00:00,54
2021-01-02 00:00:00,93
2021-01-03 00:00:00,164
2021-01-04 00:00:00,194
2021-01-05 00:00:00,138
2021-01-06 00:00:00,90
2021-01-07 00:00:00,56
2021-01-08 00:00:00,44
2021-01-09 00:00:00,49
2021-01-10 00:00:00,54
2021-01-11 00:00:00,111
2021-01-12 00:00:00,160
2021-01-13 00:00:00,359
2021-01-14 00:00:00,323
2021-01-15 00:00:00,183
2021-01-16 00:00:00,152
2021-01-17 00:00:00,61
2021-01-18 00:00:00,74
2021-01-19 00:00:00,107
2021-01-20 00:00:00,133
2021-01-21 00:00:00,208
2021-01-22 00:00:00,273
2021-01-23 00:00:00,245
2021-01-24 00:00:00,249
2021-01-25 00:00:00,151
2021-01-26 00:00:00,153
2021-01-27 00:00:00,128
2021-01-28 00:00:00,137
2021-01-29 00:00:00,81
2021-01-30 00:00:00,72
2021-01-31 00:00:00,75
2020-12-01 00:00:00,199
2020-12-02 00:00:00,157
2020-12-03 00:00:00,167
2020-12-04 00:00:00,115
2020-12-05 00:00:00,100
2020-12-06 00:00:00,146
2020-12-07 00:00:00,168
2020-12-08 00:00:00,81
2020-12-09 00:00:00,121
2020-12-10 00:00:00,100
2020-12-11 00:00:00,140
2020-12-12 00:00:00,81
2020-12-13 00:00:00,76
2020-12-14 00:00:00,52
2020-12-15 00:00:00,78
2020-12-16 00:00:00,99
2020-12-17 00:00:00,142
2020-12-18 00:00:00,124
2020-12-19 00:00:00,81
2020-12-20 00:00:00,77
2020-12-21 00:00:00,80
2020-12-22 00:00:00,83
2020-12-23 00:00:00,85
2020-12-24 00:00:00,81
2020-12-25 00:00:00,60
2020-12-26 00:00:00,96
2020-12-27 00:00:00,195
2020-12-28 00:00:00,270
2020-12-29 00:00:00,129
2020-12-30 00:00:00,49
2020-12-31 00:00:00,42
2020-11-01 00:00:00,65
2020-11-02 00:00:00,56
2020-11-03 00:00:00,66
2020-11-04 00:00:00,79
2020-11-05 00:00:00,106
2020-11-06 00:00:00,83
2020-11-07 00:00:00,65
2020-11-08 00:00:00,67
2020-11-09 00:00:00,81
2020-11-10 00:00:00,113
2020-11-11 00:00:00,100
2020-11-12 00:00:00,130
2020-11-13 00:00:00,146
2020-11-14 00:00:00,140
2020-11-15 00:00:00,96
2020-11-16 00:00:00,163
2020-11-17 00:00:00,107
2020-11-18 00:00:00,37
2020-11-19 00:00:00,36
2020-11-20 00:00:00,55
2020-11-21 00:00:00,73
2020-11-22 00:00:00,72
2020-11-23 00:00:00,71
2020-11-24 00:00:00,67
2020-11-25 00:00:00,87
2020-11-26 00:00:00,157
2020-11-27 00:00:00,141
2020-11-28 00:00:00,113
2020-11-29 00:00:00,140
2020-11-30 00:00:00,200
2020-10-01 00:00:00,94
2020-10-02 00:00:00,63
2020-10-03 00:00:00,46
2020-10-04 00:00:00,56
2020-10-05 00:00:00,55
2020-10-06 00:00:00,70
2020-10-07 00:00:00,55
2020-10-08 00:00:00,76
2020-10-09 00:00:00,97
2020-10-10 00:00:00,127
2020-10-11 00:00:00,155
2020-10-12 00:00:00,93
2020-10-13 00:00:00,81
2020-10-14 00:00:00,57
2020-10-15 00:00:00,74
2020-10-16 00:00:00,94
2020-10-17 00:00:00,107
2020-10-18 00:00:00,72
2020-10-19 00:00:00,90
2020-10-20 00:00:00,110
2020-10-21 00:00:00,99
2020-10-22 00:00:00,135
2020-10-23 00:00:00,99
2020-10-24 00:00:00,93
2020-10-25 00:00:00,109
2020-10-26 00:00:00,135
2020-10-27 00:00:00,118
2020-10-28 00:00:00,98
2020-10-29 00:00:00,113
2020-10-30 00:00:00,124
2020-10-31 00:00:00,118
2020-09-01 00:00:00,54
2020-09-02 00:00:00,45
2020-09-03 00:00:00,49
2020-09-04 00:00:00,66
2020-09-05 00:00:00,59
2020-09-06 00:00:00,70
2020-09-07 00:00:00,75
2020-09-08 00:00:00,69
2020-09-09 00:00:00,72
2020-09-10 00:00:00,63
2020-09-11 00:00:00,51
2020-09-12 00:00:00,58
2020-09-13 00:00:00,64
2020-09-14 00:00:00,73
2020-09-15 00:00:00,67
2020-09-16 00:00:00,48
2020-09-17 00:00:00,56
2020-09-18 00:00:00,57
2020-09-19 00:00:00,67
2020-09-20 00:00:00,62
2020-09-21 00:00:00,53
2020-09-22 00:00:00,66
2020-09-23 00:00:00,87
2020-09-24 00:00:00,99
2020-09-25 00:00:00,99
2020-09-26 00:00:00,101
2020-09-27 00:00:00,79
2020-09-28 00:00:00,69
2020-09-29 00:00:00,71
2020-09-30 00:00:00,64
2020-08-01 00:00:00,60
2020-08-02 00:00:00,41
2020-08-03 00:00:00,46
2020-08-04 00:00:00,33
2020-08-05 00:00:00,23
2020-08-06 00:00:00,32
2020-08-07 00:00:00,21
2020-08-08 00:00:00,41
2020-08-09 00:00:00,60
2020-08-10 00:00:00,82
2020-08-11 00:00:00,60
2020-08-12 00:00:00,47
2020-08-13 00:00:00,34
2020-08-14 00:00:00,51
2020-08-15 00:00:00,36
2020-08-16 00:00:00,46
2020-08-17 00:00:00,68
2020-08-18 00:00:00,32
2020-08-19 00:00:00,36
2020-08-20 00:00:00,32
2020-08-21 00:00:00,44
2020-08-22 00:00:00,50
2020-08-23 00:00:00,64
2020-08-24 00:00:00,48
2020-08-25 00:00:00,58
2020-08-26 00:00:00,72
2020-08-27 00:00:00,72
2020-08-28 00:00:00,89
2020-08-29 00:00:00,78
2020-08-30 00:00:00,75
2020-08-31 00:00:00,56
2020-07-01 00:00:00,75
2020-07-02 00:00:00,69
2020-07-03 00:00:00,82
2020-07-04 00:00:00,65
2020-07-05 00:00:00,55
2020-07-06 00:00:00,84
2020-07-07 00:00:00,80
2020-07-08 00:00:00,70
2020-07-09 00:00:00,67
2020-07-10 00:00:00,73
2020-07-11 00:00:00,88
2020-07-12 00:00:00,38
2020-07-13 00:00:00,49
2020-07-14 00:00:00,60
2020-07-15 00:00:00,55
2020-07-16 00:00:00,59
2020-07-17 00:00:00,53
2020-07-18 00:00:00,60
2020-07-19 00:00:00,69
2020-07-20 00:00:00,63
2020-07-21 00:00:00,65
2020-07-22 00:00:00,40
2020-07-23 00:00:00,68
2020-07-24 00:00:00,78
2020-07-25 00:00:00,63
2020-07-26 00:00:00,43
2020-07-27 00:00:00,50
2020-07-28 00:00:00,62
2020-07-29 00:00:00,61
2020-07-30 00:00:00,51
2020-07-31 00:00:00,44
2020-06-01 00:00:00,82
2020-06-02 00:00:00,84
2020-06-03 00:00:00,89
2020-06-04 00:00:00,94
2020-06-05 00:00:00,117
2020-06-06 00:00:00,102
2020-06-07 00:00:00,78
2020-06-08 00:00:00,83
2020-06-09 00:00:00,69
2020-06-10 00:00:00,85
2020-06-11 00:00:00,66
2020-06-12 00:00:00,61
2020-06-13 00:00:00,80
2020-06-14 00:00:00,74
2020-06-15 00:00:00,67
2020-06-16 00:00:00,51
2020-06-17 00:00:00,35
2020-06-18 00:00:00,60
2020-06-19 00:00:00,67
2020-06-20 00:00:00,71
2020-06-21 00:00:00,61
2020-06-22 00:00:00,81
2020-06-23 00:00:00,101
2020-06-24 00:00:00,105
2020-06-25 00:00:00,64
2020-06-26 00:00:00,69
2020-06-27 00:00:00,77
2020-06-28 00:00:00,56
2020-06-29 00:00:00,73
2020-06-30 00:00:00,75
2020-05-01 00:00:00,86
2020-05-02 00:00:00,100
2020-05-03 00:00:00,98
2020-05-04 00:00:00,83
2020-05-05 00:00:00,65
2020-05-06 00:00:00,68
2020-05-07 00:00:00,59
2020-05-08 00:00:00,43
2020-05-09 00:00:00,62
2020-05-10 00:00:00,57
2020-05-11 00:00:00,56
2020-05-12 00:00:00,67
2020-05-13 00:00:00,76
2020-05-14 00:00:00,51
2020-05-15 00:00:00,103
2020-05-16 00:00:00,60
2020-05-17 00:00:00,112
2020-05-18 00:00:00,69
2020-05-19 00:00:00,61
2020-05-20 00:00:00,75
2020-05-21 00:00:00,84
2020-05-22 00:00:00,83
2020-05-23 00:00:00,85
2020-05-24 00:00:00,70
2020-05-25 00:00:00,64
2020-05-26 00:00:00,75
2020-05-27 00:00:00,55
2020-05-28 00:00:00,71
2020-05-29 00:00:00,66
2020-05-30 00:00:00,65
2020-05-31 00:00:00,65
2020-04-01 00:00:00,77
2020-04-02 00:00:00,96
2020-04-03 00:00:00,90
2020-04-04 00:00:00,102
2020-04-05 00:00:00,105
2020-04-06 00:00:00,93
2020-04-07 00:00:00,90
2020-04-08 00:00:00,119
2020-04-09 00:00:00,83
2020-04-10 00:00:00,46
2020-04-11 00:00:00,61
2020-04-12 00:00:00,61
2020-04-13 00:00:00,63
2020-04-14 00:00:00,78
2020-04-15 00:00:00,74
2020-04-16 00:00:00,87
2020-04-17 00:00:00,85
2020-04-18 00:00:00,64
2020-04-19 00:00:00,60
2020-04-20 00:00:00,70
2020-04-21 00:00:00,71
2020-04-22 00:00:00,76
2020-04-23 00:00:00,73
2020-04-24 00:00:00,70
2020-04-25 00:00:00,86
2020-04-26 00:00:00,87
2020-04-27 00:00:00,61
2020-04-28 00:00:00,76
2020-04-29 00:00:00,84
2020-04-30 00:00:00,89
2020-03-01 00:00:00,101
2020-03-02 00:00:00,80
2020-03-03 00:00:00,70
2020-03-04 00:00:00,58
2020-03-05 00:00:00,70
2020-03-06 00:00:00,119
2020-03-07 00:00:00,133
2020-03-08 00:00:00,124
2020-03-09 00:00:00,167
2020-03-10 00:00:00,92
2020-03-11 00:00:00,81
2020-03-12 00:00:00,90
2020-03-13 00:00:00,56
2020-03-14 00:00:00,61
2020-03-15 00:00:00,48
2020-03-16 00:00:00,82
2020-03-17 00:00:00,67
2020-03-18 00:00:00,76
2020-03-19 00:00:00,135
2020-03-20 00:00:00,119
2020-03-21 00:00:00,116
2020-03-22 00:00:00,89
2020-03-23 00:00:00,87
2020-03-24 00:00:00,74
2020-03-25 00:00:00,92
2020-03-26 00:00:00,76
2020-03-27 00:00:00,44
2020-03-28 00:00:00,56
2020-03-29 00:00:00,52
2020-03-30 00:00:00,67
2020-03-31 00:00:00,85
2020-02-01 00:00:00,134
2020-02-02 00:00:00,129
2020-02-03 00:00:00,91
2020-02-04 00:00:00,123
2020-02-05 00:00:00,92
2020-02-06 00:00:00,69
2020-02-07 00:00:00,96
2020-02-08 00:00:00,125
2020-02-09 00:00:00,86
2020-02-10 00:00:00,62
2020-02-11 00:00:00,69
2020-02-12 00:00:00,95
2020-02-13 00:00:00,98
2020-02-14 00:00:00,87
2020-02-15 00:00:00,39
2020-02-16 00:00:00,33
2020-02-17 00:00:00,35
2020-02-18 00:00:00,43
2020-02-19 00:00:00,63
2020-02-20 00:00:00,128
2020-02-21 00:00:00,83
2020-02-22 00:00:00,77
2020-02-23 00:00:00,78
2020-02-24 00:00:00,112
2020-02-25 00:00:00,155
2020-02-26 00:00:00,117
2020-02-27 00:00:00,81
2020-02-28 00:00:00,73
2020-02-29 00:00:00,113
2020-01-01 00:00:00,74
2020-01-02 00:00:00,118
2020-01-03 00:00:00,181
2020-01-04 00:00:00,246
2020-01-05 00:00:00,218
2020-01-06 00:00:00,151
2020-01-07 00:00:00,90
2020-01-08 00:00:00,124
2020-01-09 00:00:00,140
2020-01-10 00:00:00,127
2020-01-11 00:00:00,219
2020-01-12 00:00:00,161
2020-01-13 00:00:00,212
2020-01-14 00:00:00,266
2020-01-15 00:00:00,156
2020-01-16 00:00:00,158
2020-01-17 00:00:00,195
2020-01-18 00:00:00,174
2020-01-19 00:00:00,66
2020-01-20 00:00:00,67
2020-01-21 00:00:00,116
2020-01-22 00:00:00,189
2020-01-23 00:00:00,272
2020-01-24 00:00:00,260
2020-01-25 00:00:00,172
2020-01-26 00:00:00,153
2020-01-27 00:00:00,102
2020-01-28 00:00:00,111
2020-01-29 00:00:00,125
2020-01-30 00:00:00,161
2020-01-31 00:00:00,116
2019-12-01 00:00:00,100
2019-12-02 00:00:00,43
2019-12-03 00:00:00,51
2019-12-04 00:00:00,55
2019-12-05 00:00:00,86
2019-12-06 00:00:00,110
2019-12-07 00:00:00,198
2019-12-08 00:00:00,190
2019-12-09 00:00:00,106
2019-12-10 00:00:00,117
2019-12-11 00:00:00,98
2019-12-12 00:00:00,94
2019-12-13 00:00:00,121
2019-12-14 00:00:00,61
2019-12-15 00:00:00,57
2019-12-16 00:00:00,61
2019-12-17 00:00:00,93
2019-12-18 00:00:00,76
2019-12-19 00:00:00,118
2019-12-20 00:00:00,167
2019-12-21 00:00:00,214
2019-12-22 00:00:00,238
2019-12-23 00:00:00,269
2019-12-24 00:00:00,254
2019-12-25 00:00:00,260
2019-12-26 00:00:00,97
2019-12-27 00:00:00,61
2019-12-28 00:00:00,70
2019-12-29 00:00:00,123
2019-12-30 00:00:00,127
2019-12-31 00:00:00,52
2019-11-01 00:00:00,91
2019-11-02 00:00:00,117
2019-11-03 00:00:00,104
2019-11-04 00:00:00,104
2019-11-05 00:00:00,153
2019-11-06 00:00:00,131
2019-11-07 00:00:00,169
2019-11-08 00:00:00,193
2019-11-09 00:00:00,186
2019-11-10 00:00:00,82
2019-11-11 00:00:00,81
2019-11-12 00:00:00,90
2019-11-13 00:00:00,53
2019-11-14 00:00:00,64
2019-11-15 00:00:00,100
2019-11-16 00:00:00,146
2019-11-17 00:00:00,136
2019-11-18 00:00:00,75
2019-11-19 00:00:00,98
2019-11-20 00:00:00,109
2019-11-21 00:00:00,100
2019-11-22 00:00:00,116
2019-11-23 00:00:00,192
2019-11-24 00:00:00,123
2019-11-25 00:00:00,46
2019-11-26 00:00:00,61
2019-11-27 00:00:00,77
2019-11-28 00:00:00,69
2019-11-29 00:00:00,76
2019-11-30 00:00:00,92
2019-10-01 00:00:00,71
2019-10-02 00:00:00,73
2019-10-03 00:00:00,68
2019-10-04 00:00:00,55
2019-10-05 00:00:00,25
2019-10-06 00:00:00,36
2019-10-07 00:00:00,54
2019-10-08 00:00:00,57
2019-10-09 00:00:00,40
2019-10-10 00:00:00,43
2019-10-11 00:00:00,92
2019-10-12 00:00:00,77
2019-10-13 00:00:00,69
2019-10-14 00:00:00,47
2019-10-15 00:00:00,50
2019-10-16 00:00:00,81
2019-10-17 00:00:00,116
2019-10-18 00:00:00,108
2019-10-19 00:00:00,83
2019-10-20 00:00:00,74
2019-10-21 00:00:00,115
2019-10-22 00:00:00,107
2019-10-23 00:00:00,111
2019-10-24 00:00:00,90
2019-10-25 00:00:00,59
2019-10-26 00:00:00,67
2019-10-27 00:00:00,69
2019-10-28 00:00:00,178
2019-10-29 00:00:00,121
2019-10-30 00:00:00,104
2019-10-31 00:00:00,76
2019-09-01 00:00:00,64
2019-09-02 00:00:00,61
2019-09-03 00:00:00,67
2019-09-04 00:00:00,73
2019-09-05 00:00:00,72
2019-09-06 00:00:00,73
2019-09-07 00:00:00,75
2019-09-08 00:00:00,92
2019-09-09 00:00:00,78
2019-09-10 00:00:00,91
2019-09-11 00:00:00,32
2019-09-12 00:00:00,26
2019-09-13 00:00:00,49
2019-09-14 00:00:00,52
2019-09-15 00:00:00,26
2019-09-16 00:00:00,51
2019-09-17 00:00:00,59
2019-09-18 00:00:00,60
2019-09-19 00:00:00,70
2019-09-20 00:00:00,61
2019-09-21 00:00:00,69
2019-09-22 00:00:00,76
2019-09-23 00:00:00,88
2019-09-24 00:00:00,68
2019-09-25 00:00:00,77
2019-09-26 00:00:00,73
2019-09-27 00:00:00,77
2019-09-28 00:00:00,82
2019-09-29 00:00:00,76
2019-09-30 00:00:00,82
2019-08-06 00:00:00,57
2019-08-07 00:00:00,58
2019-08-08 00:00:00,66
2019-08-09 00:00:00,68
2019-08-10 00:00:00,64
2019-08-11 00:00:00,63
2019-08-21 00:00:00,79
2019-08-22 00:00:00,85
2019-08-23 00:00:00,60
2019-08-24 00:00:00,71
2019-08-25 00:00:00,69
2019-08-26 00:00:00,82
2019-08-27 00:00:00,54
2019-08-28 00:00:00,49
2019-07-01 00:00:00,93
2019-07-02 00:00:00,89
2019-07-03 00:00:00,104
2019-07-04 00:00:00,78
2019-07-05 00:00:00,71
2019-07-06 00:00:00,67
2019-07-07 00:00:00,63
2019-07-12 00:00:00,60
2019-07-13 00:00:00,86
2019-07-14 00:00:00,75
2019-07-15 00:00:00,63
2019-07-16 00:00:00,69
2019-07-17 00:00:00,68
2019-07-18 00:00:00,60
2019-07-19 00:00:00,86
2019-07-20 00:00:00,82
2019-07-21 00:00:00,90
2019-07-22 00:00:00,56
2019-07-23 00:00:00,49
2019-07-24 00:00:00,79
2019-07-25 00:00:00,62
2019-07-26 00:00:00,66
2019-06-01 00:00:00,80
2019-06-02 00:00:00,79
2019-06-03 00:00:00,88
2019-06-04 00:00:00,90
2019-06-05 00:00:00,87
2019-06-06 00:00:00,65
2019-06-07 00:00:00,86
2019-06-08 00:00:00,79
2019-06-09 00:00:00,85
2019-06-10 00:00:00,75
2019-06-11 00:00:00,74
2019-06-14 00:00:00,109
2019-06-15 00:00:00,85
2019-06-17 00:00:00,84
2019-06-18 00:00:00,95
2019-06-19 00:00:00,70
2019-06-20 00:00:00,39
2019-06-25 00:00:00,86
2019-06-26 00:00:00,90
2019-06-27 00:00:00,89
2019-06-28 00:00:00,61
2019-06-29 00:00:00,61
2019-06-30 00:00:00,72
2019-05-01 00:00:00,83
2019-05-02 00:00:00,74
2019-05-03 00:00:00,83
2019-05-04 00:00:00,72
2019-05-05 00:00:00,95
2019-05-06 00:00:00,70
2019-05-07 00:00:00,76
2019-05-08 00:00:00,69
2019-05-09 00:00:00,72
2019-05-10 00:00:00,76
2019-05-11 00:00:00,75
2019-05-12 00:00:00,100
2019-05-13 00:00:00,99
2019-05-14 00:00:00,115
2019-05-15 00:00:00,103
2019-05-16 00:00:00,94
2019-05-17 00:00:00,94
2019-05-18 00:00:00,68
2019-05-19 00:00:00,79
2019-05-20 00:00:00,66
2019-05-21 00:00:00,72
2019-05-22 00:00:00,78
2019-05-23 00:00:00,86
2019-05-24 00:00:00,94
2019-05-25 00:00:00,94
2019-05-26 00:00:00,83
2019-05-27 00:00:00,71
2019-05-28 00:00:00,63
2019-05-29 00:00:00,73
2019-05-30 00:00:00,74
2019-05-31 00:00:00,81
2019-04-01 00:00:00,74
2019-04-02 00:00:00,87
2019-04-03 00:00:00,103
2019-04-04 00:00:00,102
2019-04-05 00:00:00,87
2019-04-06 00:00:00,111
2019-04-07 00:00:00,114
2019-04-08 00:00:00,103
2019-04-09 00:00:00,60
2019-04-10 00:00:00,73
2019-04-11 00:00:00,105
2019-04-12 00:00:00,98
2019-04-13 00:00:00,84
2019-04-14 00:00:00,60
2019-04-15 00:00:00,71
2019-04-16 00:00:00,64
2019-04-17 00:00:00,85
2019-04-18 00:00:00,106
2019-04-19 00:00:00,71
2019-04-20 00:00:00,79
2019-04-21 00:00:00,90
2019-04-22 00:00:00,77
2019-04-23 00:00:00,69
2019-04-24 00:00:00,85
2019-04-25 00:00:00,62
2019-04-26 00:00:00,70
2019-04-27 00:00:00,70
2019-04-28 00:00:00,87
2019-04-29 00:00:00,111
2019-04-30 00:00:00,124
2019-03-01 00:00:00,94
2019-03-02 00:00:00,96
2019-03-03 00:00:00,115
2019-03-04 00:00:00,117
2019-03-05 00:00:00,128
2019-03-06 00:00:00,109
2019-03-07 00:00:00,63
2019-03-08 00:00:00,65
2019-03-09 00:00:00,82
2019-03-10 00:00:00,99
2019-03-11 00:00:00,65
2019-03-12 00:00:00,67
2019-03-13 00:00:00,69
2019-03-14 00:00:00,67
2019-03-15 00:00:00,57
2019-03-16 00:00:00,61
2019-03-17 00:00:00,77
2019-03-18 00:00:00,81
2019-03-19 00:00:00,75
2019-03-20 00:00:00,82
2019-03-21 00:00:00,74
2019-03-22 00:00:00,72
2019-03-23 00:00:00,71
2019-03-24 00:00:00,75
2019-03-25 00:00:00,73
2019-03-26 00:00:00,82
2019-03-27 00:00:00,89
2019-03-28 00:00:00,93
2019-03-29 00:00:00,81
2019-03-30 00:00:00,77
2019-03-31 00:00:00,72
2019-02-01 00:00:00,63
2019-02-02 00:00:00,115
2019-02-03 00:00:00,101
2019-02-04 00:00:00,78
2019-02-05 00:00:00,201
2019-02-06 00:00:00,220
2019-02-07 00:00:00,92
2019-02-08 00:00:00,70
2019-02-09 00:00:00,77
2019-02-10 00:00:00,78
2019-02-11 00:00:00,108
2019-02-12 00:00:00,136
2019-02-13 00:00:00,144
2019-02-14 00:00:00,98
2019-02-15 00:00:00,125
2019-02-16 00:00:00,126
2019-02-17 00:00:00,140
2019-02-18 00:00:00,87
2019-02-19 00:00:00,122
2019-02-20 00:00:00,148
2019-02-21 00:00:00,216
2019-02-22 00:00:00,217
2019-02-23 00:00:00,197
2019-02-24 00:00:00,145
2019-02-25 00:00:00,172
2019-02-26 00:00:00,212
2019-02-27 00:00:00,149
2019-02-28 00:00:00,127
2019-01-01 00:00:00,116
2019-01-02 00:00:00,143
2019-01-03 00:00:00,146
2019-01-04 00:00:00,202
2019-01-05 00:00:00,179
2019-01-06 00:00:00,111
2019-01-07 00:00:00,147
2019-01-08 00:00:00,150
2019-01-09 00:00:00,69
2019-01-10 00:00:00,124
2019-01-11 00:00:00,195
2019-01-12 00:00:00,205
2019-01-13 00:00:00,199
2019-01-14 00:00:00,214
2019-01-15 00:00:00,134
2019-01-16 00:00:00,83
2019-01-17 00:00:00,70
2019-01-18 00:00:00,97
2019-01-19 00:00:00,143
2019-01-20 00:00:00,151
2019-01-21 00:00:00,63
2019-01-22 00:00:00,59
2019-01-23 00:00:00,80
2019-01-24 00:00:00,108
2019-01-25 00:00:00,114
2019-01-26 00:00:00,73
2019-01-27 00:00:00,93
2019-01-28 00:00:00,140
2019-01-29 00:00:00,168
2019-01-30 00:00:00,196
2019-01-31 00:00:00,75
2018-12-01 00:00:00,171
2018-12-02 00:00:00,139
2018-12-03 00:00:00,115
2018-12-04 00:00:00,123
2018-12-05 00:00:00,82
2018-12-06 00:00:00,90
2018-12-07 00:00:00,64
2018-12-08 00:00:00,70
2018-12-09 00:00:00,79
2018-12-10 00:00:00,105
2018-12-11 00:00:00,132
2018-12-12 00:00:00,94
2018-12-13 00:00:00,82
2018-12-14 00:00:00,87
2018-12-15 00:00:00,126
2018-12-16 00:00:00,73
2018-12-17 00:00:00,65
2018-12-18 00:00:00,72
2018-12-19 00:00:00,113
2018-12-20 00:00:00,151
2018-12-21 00:00:00,191
2018-12-28 00:00:00,69
2018-12-29 00:00:00,83
2018-12-30 00:00:00,77
2018-12-31 00:00:00,82
2018-11-01 00:00:00,100
2018-11-02 00:00:00,85
2018-11-03 00:00:00,75
2018-11-04 00:00:00,99
2018-11-05 00:00:00,79
2018-11-06 00:00:00,58
2018-11-07 00:00:00,62
2018-11-08 00:00:00,64
2018-11-09 00:00:00,75
2018-11-10 00:00:00,108
2018-11-11 00:00:00,105
2018-11-12 00:00:00,120
2018-11-13 00:00:00,137
2018-11-14 00:00:00,131
2018-11-15 00:00:00,152
2018-11-16 00:00:00,75
2018-11-17 00:00:00,70
2018-11-18 00:00:00,63
2018-11-19 00:00:00,68
2018-11-20 00:00:00,86
2018-11-21 00:00:00,79
2018-11-22 00:00:00,64
2018-11-23 00:00:00,91
2018-11-24 00:00:00,160
2018-11-25 00:00:00,147
2018-11-26 00:00:00,136
2018-11-27 00:00:00,148
2018-11-28 00:00:00,201
2018-11-29 00:00:00,158
2018-11-30 00:00:00,152
2018-10-01 00:00:00,50
2018-10-02 00:00:00,60
2018-10-03 00:00:00,68
2018-10-04 00:00:00,76
2018-10-05 00:00:00,81
2018-10-06 00:00:00,96
2018-10-07 00:00:00,95
2018-10-08 00:00:00,101
2018-10-09 00:00:00,67
2018-10-10 00:00:00,70
2018-10-11 00:00:00,71
2018-10-12 00:00:00,75
2018-10-13 00:00:00,76
2018-10-14 00:00:00,79
2018-10-15 00:00:00,80
2018-10-16 00:00:00,105
2018-10-17 00:00:00,91
2018-10-18 00:00:00,68
2018-10-19 00:00:00,68
2018-10-20 00:00:00,74
2018-10-21 00:00:00,83
2018-10-22 00:00:00,90
2018-10-23 00:00:00,71
2018-10-24 00:00:00,77
2018-10-25 00:00:00,81
2018-10-26 00:00:00,68
2018-10-27 00:00:00,56
2018-10-28 00:00:00,59
2018-10-29 00:00:00,63
2018-10-30 00:00:00,76
2018-10-31 00:00:00,91
2018-09-02 00:00:00,72
2018-09-03 00:00:00,75
2018-09-04 00:00:00,75
2018-09-05 00:00:00,62
2018-09-06 00:00:00,65
2018-09-07 00:00:00,52
2018-09-08 00:00:00,71
2018-09-09 00:00:00,74
2018-09-10 00:00:00,79
2018-09-11 00:00:00,75
2018-09-12 00:00:00,77
2018-09-13 00:00:00,75
2018-09-14 00:00:00,61
2018-09-15 00:00:00,71
2018-09-16 00:00:00,60
2018-09-17 00:00:00,63
2018-09-18 00:00:00,73
2018-09-19 00:00:00,55
2018-09-20 00:00:00,73
2018-09-21 00:00:00,65
2018-09-22 00:00:00,58
2018-09-23 00:00:00,58
2018-09-24 00:00:00,63
2018-09-25 00:00:00,60
2018-09-26 00:00:00,62
2018-09-27 00:00:00,77
2018-09-28 00:00:00,64
2018-09-29 00:00:00,69
2018-09-30 00:00:00,59
2018-08-01 00:00:00,70
2018-08-02 00:00:00,84
2018-08-03 00:00:00,97
2018-08-04 00:00:00,98
2018-08-05 00:00:00,71
2018-08-06 00:00:00,78
2018-08-07 00:00:00,86
2018-08-08 00:00:00,86
2018-08-09 00:00:00,87
2018-08-10 00:00:00,87
2018-08-11 00:00:00,95
2018-08-12 00:00:00,88
2018-08-13 00:00:00,78
2018-08-14 00:00:00,66
2018-08-15 00:00:00,76
2018-08-16 00:00:00,58
2018-08-17 00:00:00,83
2018-08-18 00:00:00,68
2018-08-19 00:00:00,47
2018-08-20 00:00:00,69
2018-08-21 00:00:00,99
2018-08-22 00:00:00,81
2018-08-23 00:00:00,86
2018-08-25 00:00:00,109
2018-08-27 00:00:00,101
2018-08-29 00:00:00,108
2018-08-31 00:00:00,77
2018-07-01 00:00:00,117
2018-07-02 00:00:00,95
2018-07-03 00:00:00,103
2018-07-04 00:00:00,81
2018-07-05 00:00:00,99
2018-07-06 00:00:00,134
2018-07-07 00:00:00,102
2018-07-08 00:00:00,64
2018-07-09 00:00:00,60
2018-07-10 00:00:00,50
2018-07-11 00:00:00,77
2018-07-12 00:00:00,86
2018-07-13 00:00:00,52
2018-07-14 00:00:00,43
2018-07-15 00:00:00,76
2018-07-16 00:00:00,62
2018-07-17 00:00:00,68
2018-07-18 00:00:00,87
2018-07-19 00:00:00,77
2018-07-20 00:00:00,73
2018-07-21 00:00:00,93
2018-07-22 00:00:00,83
2018-07-23 00:00:00,79
2018-07-24 00:00:00,84
2018-07-25 00:00:00,90
2018-07-26 00:00:00,89
2018-07-27 00:00:00,73
2018-07-28 00:00:00,78
2018-07-29 00:00:00,92
2018-07-30 00:00:00,78
2018-07-31 00:00:00,73
2018-06-01 00:00:00,117
2018-06-02 00:00:00,95
2018-06-03 00:00:00,111
2018-06-04 00:00:00,108
2018-06-05 00:00:00,93
2018-06-06 00:00:00,97
2018-06-07 00:00:00,114
2018-06-08 00:00:00,103
2018-06-09 00:00:00,50
2018-06-10 00:00:00,96
2018-06-11 00:00:00,93
2018-06-12 00:00:00,95
2018-06-13 00:00:00,95
2018-06-14 00:00:00,114
2018-06-15 00:00:00,128
2018-06-16 00:00:00,105
2018-06-17 00:00:00,95
2018-06-18 00:00:00,83
2018-06-19 00:00:00,102
2018-06-20 00:00:00,96
2018-06-21 00:00:00,107
2018-06-22 00:00:00,95
2018-06-23 00:00:00,115
2018-06-24 00:00:00,103
2018-06-25 00:00:00,65
2018-06-26 00:00:00,57
2018-06-27 00:00:00,92
2018-06-28 00:00:00,97
2018-06-29 00:00:00,104
2018-06-30 00:00:00,90
2018-05-01 00:00:00,109
2018-05-02 00:00:00,91
2018-05-03 00:00:00,74
2018-05-04 00:00:00,81
2018-05-05 00:00:00,86
2018-05-06 00:00:00,121
2018-05-07 00:00:00,73
2018-05-08 00:00:00,96
2018-05-09 00:00:00,112
2018-05-10 00:00:00,88
2018-05-11 00:00:00,92
2018-05-12 00:00:00,102
2018-05-13 00:00:00,88
2018-05-14 00:00:00,97
2018-05-15 00:00:00,67
2018-05-16 00:00:00,57
2018-05-17 00:00:00,115
2018-05-18 00:00:00,82
2018-05-19 00:00:00,69
2018-05-20 00:00:00,50
2018-05-21 00:00:00,68
2018-05-22 00:00:00,91
2018-05-23 00:00:00,84
2018-05-24 00:00:00,95
2018-05-25 00:00:00,79
2018-05-26 00:00:00,181
2018-05-27 00:00:00,86
2018-05-28 00:00:00,94
2018-05-29 00:00:00,103
2018-05-30 00:00:00,86
2018-05-31 00:00:00,103
2018-04-01 00:00:00,149
2018-04-02 00:00:00,120
2018-04-03 00:00:00,192
2018-04-04 00:00:00,73
2018-04-05 00:00:00,111
2018-04-06 00:00:00,107
2018-04-07 00:00:00,72
2018-04-08 00:00:00,71
2018-04-09 00:00:00,104
2018-04-10 00:00:00,180
2018-04-11 00:00:00,175
2018-04-12 00:00:00,84
2018-04-13 00:00:00,53
2018-04-14 00:00:00,271
2018-04-15 00:00:00,158
2018-04-16 00:00:00,118
2018-04-17 00:00:00,126
2018-04-18 00:00:00,135
2018-04-19 00:00:00,112
2018-04-20 00:00:00,100
2018-04-21 00:00:00,69
2018-04-22 00:00:00,50
2018-04-23 00:00:00,68
2018-04-24 00:00:00,103
2018-04-25 00:00:00,91
2018-04-26 00:00:00,74
2018-04-27 00:00:00,99
2018-04-28 00:00:00,95
2018-04-29 00:00:00,79
2018-04-30 00:00:00,113
2018-03-01 00:00:00,118
2018-03-02 00:00:00,98
2018-03-03 00:00:00,183
2018-03-04 00:00:00,136
2018-03-05 00:00:00,89
2018-03-06 00:00:00,90
2018-03-07 00:00:00,123
2018-03-08 00:00:00,123
2018-03-09 00:00:00,153
2018-03-10 00:00:00,220
2018-03-11 00:00:00,267
2018-03-12 00:00:00,200
2018-03-13 00:00:00,135
2018-03-14 00:00:00,106
2018-03-15 00:00:00,158
2018-03-16 00:00:00,55
2018-03-17 00:00:00,71
2018-03-18 00:00:00,106
2018-03-19 00:00:00,191
2018-03-20 00:00:00,83
2018-03-21 00:00:00,77
2018-03-22 00:00:00,119
2018-03-23 00:00:00,115
2018-03-24 00:00:00,91
2018-03-25 00:00:00,92
2018-03-26 00:00:00,115
2018-03-27 00:00:00,115
2018-03-28 00:00:00,110
2018-03-29 00:00:00,183
2018-03-30 00:00:00,88
2018-03-31 00:00:00,137
2018-02-01 00:00:00,77
2018-02-02 00:00:00,62
2018-02-03 00:00:00,63
2018-02-04 00:00:00,65
2018-02-05 00:00:00,69
2018-02-06 00:00:00,80
2018-02-07 00:00:00,95
2018-02-08 00:00:00,99
2018-02-09 00:00:00,128
2018-02-10 00:00:00,145
2018-02-11 00:00:00,82
2018-02-12 00:00:00,52
2018-02-13 00:00:00,65
2018-02-14 00:00:00,97
2018-02-15 00:00:00,87
2018-02-16 00:00:00,221
2018-02-17 00:00:00,230
2018-02-18 00:00:00,229
2018-02-19 00:00:00,201
2018-02-20 00:00:00,192
2018-02-21 00:00:00,153
2018-02-22 00:00:00,59
2018-02-23 00:00:00,67
2018-02-24 00:00:00,92
2018-02-25 00:00:00,96
2018-02-26 00:00:00,160
2018-02-27 00:00:00,233
2018-02-28 00:00:00,248
2018-01-01 00:00:00,153
2018-01-02 00:00:00,181
2018-01-03 00:00:00,68
2018-01-04 00:00:00,70
2018-01-05 00:00:00,146
2018-01-06 00:00:00,147
2018-01-07 00:00:00,194
2018-01-08 00:00:00,53
2018-01-09 00:00:00,45
2018-01-10 00:00:00,45
2018-01-11 00:00:00,59
2018-01-12 00:00:00,95
2018-01-13 00:00:00,164
2018-01-14 00:00:00,196
2018-01-15 00:00:00,256
2018-01-16 00:00:00,337
2018-01-17 00:00:00,317
2018-01-18 00:00:00,383
2018-01-19 00:00:00,141
2018-01-20 00:00:00,138
2018-01-21 00:00:00,305
2018-01-22 00:00:00,189
2018-01-23 00:00:00,117
2018-01-24 00:00:00,106
2018-01-25 00:00:00,88
2018-01-26 00:00:00,79
2018-01-27 00:00:00,113
2018-01-28 00:00:00,208
2018-01-29 00:00:00,62
2018-01-30 00:00:00,66
2018-01-31 00:00:00,67
2017-12-01 00:00:00,131
2017-12-02 00:00:00,182
2017-12-03 00:00:00,232
2017-12-04 00:00:00,253
2017-12-05 00:00:00,56
2017-12-06 00:00:00,64
2017-12-07 00:00:00,95
2017-12-08 00:00:00,61
2017-12-09 00:00:00,70
2017-12-10 00:00:00,54
2017-12-11 00:00:00,63
2017-12-12 00:00:00,66
2017-12-13 00:00:00,86
2017-12-14 00:00:00,151
2017-12-15 00:00:00,238
2017-12-16 00:00:00,85
2017-12-17 00:00:00,40
2017-12-18 00:00:00,52
2017-12-19 00:00:00,57
2017-12-20 00:00:00,54
2017-12-21 00:00:00,70
2017-12-22 00:00:00,111
2017-12-23 00:00:00,161
2017-12-24 00:00:00,70
2017-12-25 00:00:00,79
2017-12-26 00:00:00,115
2017-12-27 00:00:00,153
2017-12-28 00:00:00,255
2017-12-29 00:00:00,296
2017-12-30 00:00:00,155
2017-12-31 00:00:00,76
2017-11-01 00:00:00,96
2017-11-02 00:00:00,79
2017-11-03 00:00:00,94
2017-11-04 00:00:00,69
2017-11-05 00:00:00,98
2017-11-06 00:00:00,155
2017-11-07 00:00:00,104
2017-11-08 00:00:00,163
2017-11-09 00:00:00,190
2017-11-10 00:00:00,74
2017-11-11 00:00:00,60
2017-11-12 00:00:00,93
2017-11-13 00:00:00,68
2017-11-14 00:00:00,84
2017-11-15 00:00:00,89
2017-11-16 00:00:00,107
2017-11-17 00:00:00,153
2017-11-18 00:00:00,65
2017-11-19 00:00:00,92
2017-11-20 00:00:00,91
2017-11-21 00:00:00,88
2017-11-22 00:00:00,61
2017-11-23 00:00:00,54
2017-11-24 00:00:00,76
2017-11-25 00:00:00,87
2017-11-26 00:00:00,97
2017-11-27 00:00:00,135
2017-11-28 00:00:00,173
2017-11-29 00:00:00,93
2017-11-30 00:00:00,89
2017-10-01 00:00:00,100
2017-10-02 00:00:00,96
2017-10-03 00:00:00,35
2017-10-05 00:00:00,54
2017-10-06 00:00:00,67
2017-10-07 00:00:00,86
2017-10-08 00:00:00,77
2017-10-09 00:00:00,53
2017-10-10 00:00:00,37
2017-10-11 00:00:00,78
2017-10-12 00:00:00,63
2017-10-13 00:00:00,76
2017-10-14 00:00:00,102
2017-10-15 00:00:00,127
2017-10-16 00:00:00,77
2017-10-17 00:00:00,89
2017-10-18 00:00:00,59
2017-10-19 00:00:00,87
2017-10-20 00:00:00,113
2017-10-21 00:00:00,112
2017-10-22 00:00:00,172
2017-10-23 00:00:00,84
2017-10-24 00:00:00,92
2017-10-25 00:00:00,125
2017-10-26 00:00:00,112
2017-10-27 00:00:00,103
2017-10-28 00:00:00,103
2017-10-29 00:00:00,68
2017-10-30 00:00:00,80
2017-10-31 00:00:00,114
2017-09-01 00:00:00,62
2017-09-02 00:00:00,52
2017-09-03 00:00:00,62
2017-09-04 00:00:00,96
2017-09-05 00:00:00,86
2017-09-06 00:00:00,65
2017-09-07 00:00:00,85
2017-09-08 00:00:00,73
2017-09-09 00:00:00,50
2017-09-10 00:00:00,82
2017-09-11 00:00:00,98
2017-09-12 00:00:00,111
2017-09-13 00:00:00,92
2017-09-14 00:00:00,89
2017-09-15 00:00:00,83
2017-09-16 00:00:00,97
2017-09-17 00:00:00,112
2017-09-18 00:00:00,127
2017-09-19 00:00:00,94
2017-09-20 00:00:00,91
2017-09-21 00:00:00,118
2017-09-22 00:00:00,72
2017-09-23 00:00:00,111
2017-09-24 00:00:00,79
2017-09-25 00:00:00,85
2017-09-26 00:00:00,99
2017-09-27 00:00:00,75
2017-09-28 00:00:00,88
2017-09-29 00:00:00,123
2017-09-30 00:00:00,96
2017-08-01 00:00:00,98
2017-08-02 00:00:00,67
2017-08-03 00:00:00,109
2017-08-04 00:00:00,106
2017-08-05 00:00:00,95
2017-08-06 00:00:00,107
2017-08-07 00:00:00,86
2017-08-08 00:00:00,70
2017-08-09 00:00:00,77
2017-08-10 00:00:00,100
2017-08-11 00:00:00,114
2017-08-12 00:00:00,68
2017-08-13 00:00:00,79
2017-08-14 00:00:00,101
2017-08-15 00:00:00,91
2017-08-16 00:00:00,113
2017-08-17 00:00:00,106
2017-08-18 00:00:00,84
2017-08-19 00:00:00,82
2017-08-20 00:00:00,99
2017-08-21 00:00:00,98
2017-08-22 00:00:00,97
2017-08-23 00:00:00,72
2017-08-24 00:00:00,103
2017-08-25 00:00:00,72
2017-08-26 00:00:00,62
2017-08-27 00:00:00,85
2017-08-28 00:00:00,122
2017-08-29 00:00:00,64
2017-08-30 00:00:00,47
2017-08-31 00:00:00,92
2017-07-01 00:00:00,102
2017-07-02 00:00:00,118
2017-07-03 00:00:00,125
2017-07-04 00:00:00,115
2017-07-05 00:00:00,84
2017-07-06 00:00:00,53
2017-07-07 00:00:00,81
2017-07-08 00:00:00,95
2017-07-09 00:00:00,100
2017-07-10 00:00:00,103
2017-07-11 00:00:00,96
2017-07-12 00:00:00,89
2017-07-13 00:00:00,90
2017-07-14 00:00:00,77
2017-07-15 00:00:00,69
2017-07-16 00:00:00,77
2017-07-17 00:00:00,81
2017-07-18 00:00:00,57
2017-07-19 00:00:00,74
2017-07-20 00:00:00,74
2017-07-21 00:00:00,76
2017-07-22 00:00:00,73
2017-07-23 00:00:00,107
2017-07-24 00:00:00,120
2017-07-25 00:00:00,110
2017-07-26 00:00:00,100
2017-07-27 00:00:00,86
2017-07-28 00:00:00,49
2017-07-29 00:00:00,54
2017-07-30 00:00:00,89
2017-07-31 00:00:00,110
2017-06-01 00:00:00,125
2017-06-02 00:00:00,126
2017-06-03 00:00:00,90
2017-06-04 00:00:00,71
2017-06-05 00:00:00,56
2017-06-06 00:00:00,74
2017-06-07 00:00:00,114
2017-06-08 00:00:00,66
2017-06-09 00:00:00,80
2017-06-10 00:00:00,78
2017-06-11 00:00:00,102
2017-06-12 00:00:00,118
2017-06-13 00:00:00,96
2017-06-14 00:00:00,137
2017-06-15 00:00:00,129
2017-06-16 00:00:00,112
2017-06-17 00:00:00,120
2017-06-18 00:00:00,124
2017-06-19 00:00:00,139
2017-06-20 00:00:00,119
2017-06-21 00:00:00,97
2017-06-22 00:00:00,64
2017-06-23 00:00:00,122
2017-06-24 00:00:00,130
2017-06-25 00:00:00,96
2017-06-26 00:00:00,103
2017-06-27 00:00:00,116
2017-06-28 00:00:00,115
2017-06-29 00:00:00,95
2017-06-30 00:00:00,104
2017-05-01 00:00:00,124
2017-05-02 00:00:00,130
2017-05-03 00:00:00,63
2017-05-04 00:00:00,141
2017-05-05 00:00:00,242
2017-05-06 00:00:00,84
2017-05-07 00:00:00,129
2017-05-08 00:00:00,84
2017-05-09 00:00:00,81
2017-05-10 00:00:00,84
2017-05-11 00:00:00,84
2017-05-12 00:00:00,97
2017-05-13 00:00:00,104
2017-05-14 00:00:00,96
2017-05-15 00:00:00,58
2017-05-16 00:00:00,66
2017-05-17 00:00:00,82
2017-05-18 00:00:00,94
2017-05-19 00:00:00,97
2017-05-20 00:00:00,85
2017-05-21 00:00:00,100
2017-05-22 00:00:00,106
2017-05-23 00:00:00,65
2017-05-24 00:00:00,77
2017-05-25 00:00:00,83
2017-05-26 00:00:00,112
2017-05-27 00:00:00,106
2017-05-28 00:00:00,108
2017-05-29 00:00:00,115
2017-05-30 00:00:00,141
2017-05-31 00:00:00,127
2017-04-01 00:00:00,116
2017-04-02 00:00:00,81
2017-04-03 00:00:00,98
2017-04-04 00:00:00,83
2017-04-05 00:00:00,133
2017-04-06 00:00:00,187
2017-04-07 00:00:00,165
2017-04-08 00:00:00,117
2017-04-09 00:00:00,50
2017-04-10 00:00:00,68
2017-04-11 00:00:00,95
2017-04-12 00:00:00,100
2017-04-13 00:00:00,88
2017-04-14 00:00:00,95
2017-04-15 00:00:00,118
2017-04-16 00:00:00,65
2017-04-17 00:00:00,105
2017-04-18 00:00:00,97
2017-04-19 00:00:00,98
2017-04-20 00:00:00,94
2017-04-21 00:00:00,70
2017-04-22 00:00:00,67
2017-04-23 00:00:00,83
2017-04-24 00:00:00,109
2017-04-25 00:00:00,95
2017-04-26 00:00:00,72
2017-04-27 00:00:00,80
2017-04-28 00:00:00,85
2017-04-29 00:00:00,79
2017-04-30 00:00:00,95
2017-03-01 00:00:00,62
2017-03-02 00:00:00,62
2017-03-03 00:00:00,79
2017-03-04 00:00:00,140
2017-03-05 00:00:00,176
2017-03-06 00:00:00,76
2017-03-07 00:00:00,69
2017-03-08 00:00:00,67
2017-03-09 00:00:00,66
2017-03-10 00:00:00,115
2017-03-11 00:00:00,180
2017-03-12 00:00:00,127
2017-03-13 00:00:00,64
2017-03-14 00:00:00,81
2017-03-15 00:00:00,81
2017-03-16 00:00:00,101
2017-03-17 00:00:00,108
2017-03-18 00:00:00,139
2017-03-19 00:00:00,125
2017-03-20 00:00:00,107
2017-03-21 00:00:00,147
2017-03-22 00:00:00,167
2017-03-23 00:00:00,86
2017-03-24 00:00:00,100
2017-03-25 00:00:00,58
2017-03-26 00:00:00,48
2017-03-27 00:00:00,81
2017-03-28 00:00:00,102
2017-03-29 00:00:00,143
2017-03-30 00:00:00,225
2017-03-31 00:00:00,186
2017-02-01 00:00:00,166
2017-02-02 00:00:00,124
2017-02-03 00:00:00,235
2017-02-04 00:00:00,319
2017-02-05 00:00:00,406
2017-02-06 00:00:00,199
2017-02-07 00:00:00,101
2017-02-08 00:00:00,196
2017-02-09 00:00:00,100
2017-02-10 00:00:00,62
2017-02-11 00:00:00,78
2017-02-12 00:00:00,102
2017-02-13 00:00:00,168
2017-02-14 00:00:00,219
2017-02-15 00:00:00,178
2017-02-16 00:00:00,229
2017-02-17 00:00:00,85
2017-02-18 00:00:00,131
2017-02-19 00:00:00,213
2017-02-20 00:00:00,99
2017-02-21 00:00:00,79
2017-02-22 00:00:00,125
2017-02-23 00:00:00,100
2017-02-24 00:00:00,93
2017-02-25 00:00:00,83
2017-02-26 00:00:00,89
2017-02-27 00:00:00,85
2017-02-28 00:00:00,91
2017-01-01 00:00:00,328
2017-01-02 00:00:00,258
2017-01-03 00:00:00,260
2017-01-04 00:00:00,231
2017-01-05 00:00:00,230
2017-01-06 00:00:00,224
2017-01-07 00:00:00,172
2017-01-08 00:00:00,275
2017-01-09 00:00:00,237
2017-01-10 00:00:00,287
2017-01-11 00:00:00,188
2017-01-12 00:00:00,68
2017-01-13 00:00:00,101
2017-01-14 00:00:00,109
2017-01-15 00:00:00,95
2017-01-16 00:00:00,184
2017-01-17 00:00:00,337
2017-01-18 00:00:00,357
2017-01-19 00:00:00,177
2017-01-20 00:00:00,69
2017-01-21 00:00:00,95
2017-01-22 00:00:00,144
2017-01-23 00:00:00,213
2017-01-24 00:00:00,296
2017-01-25 00:00:00,336
2017-01-26 00:00:00,304
2017-01-27 00:00:00,176
2017-01-28 00:00:00,235
2017-01-29 00:00:00,239
2017-01-30 00:00:00,67
2017-01-31 00:00:00,84
2016-12-01 00:00:00,97
2016-12-02 00:00:00,201
2016-12-03 00:00:00,160
2016-12-04 00:00:00,108
2016-12-05 00:00:00,226
2016-12-06 00:00:00,111
2016-12-07 00:00:00,111
2016-12-08 00:00:00,159
2016-12-09 00:00:00,113
2016-12-10 00:00:00,129
2016-12-11 00:00:00,126
2016-12-12 00:00:00,149
2016-12-13 00:00:00,225
2016-12-14 00:00:00,90
2016-12-15 00:00:00,179
2016-12-16 00:00:00,150
2016-12-17 00:00:00,196
2016-12-18 00:00:00,348
2016-12-19 00:00:00,477
2016-12-20 00:00:00,493
2016-12-21 00:00:00,273
2016-12-22 00:00:00,61
2016-12-23 00:00:00,135
2016-12-24 00:00:00,179
2016-12-25 00:00:00,139
2016-12-26 00:00:00,139
2016-12-27 00:00:00,91
2016-12-28 00:00:00,223
2016-12-29 00:00:00,259
2016-12-30 00:00:00,301
2016-12-31 00:00:00,302
2016-11-01 00:00:00,91
2016-11-02 00:00:00,137
2016-11-03 00:00:00,122
2016-11-04 00:00:00,110
2016-11-05 00:00:00,144
2016-11-06 00:00:00,181
2016-11-07 00:00:00,172
2016-11-08 00:00:00,164
2016-11-09 00:00:00,138
2016-11-10 00:00:00,136
2016-11-11 00:00:00,159
2016-11-12 00:00:00,225
2016-11-13 00:00:00,319
2016-11-14 00:00:00,297
2016-11-15 00:00:00,148
2016-11-16 00:00:00,174
2016-11-17 00:00:00,226
2016-11-18 00:00:00,248
2016-11-19 00:00:00,243
2016-11-20 00:00:00,256
2016-11-21 00:00:00,82
2016-11-22 00:00:00,69
2016-11-23 00:00:00,128
2016-11-24 00:00:00,124
2016-11-25 00:00:00,187
2016-11-26 00:00:00,118
2016-11-27 00:00:00,119
2016-11-28 00:00:00,112
2016-11-29 00:00:00,204
2016-11-30 00:00:00,183
2016-10-01 00:00:00,66
2016-10-02 00:00:00,67
2016-10-03 00:00:00,73
2016-10-04 00:00:00,68
2016-10-05 00:00:00,48
2016-10-06 00:00:00,50
2016-10-07 00:00:00,64
2016-10-08 00:00:00,36
2016-10-09 00:00:00,56
2016-10-10 00:00:00,66
2016-10-11 00:00:00,72
2016-10-12 00:00:00,100
2016-10-13 00:00:00,80
2016-10-14 00:00:00,71
2016-10-15 00:00:00,58
2016-10-16 00:00:00,71
2016-10-17 00:00:00,83
2016-10-18 00:00:00,143
2016-10-19 00:00:00,115
2016-10-20 00:00:00,91
2016-10-21 00:00:00,55
2016-10-22 00:00:00,59
2016-10-23 00:00:00,30
2016-10-24 00:00:00,52
2016-10-25 00:00:00,86
2016-10-26 00:00:00,116
2016-10-27 00:00:00,78
2016-10-28 00:00:00,75
2016-10-29 00:00:00,82
2016-10-30 00:00:00,85
2016-10-31 00:00:00,71
2016-09-01 00:00:00,44
2016-09-02 00:00:00,47
2016-09-03 00:00:00,72
2016-09-04 00:00:00,93
2016-09-05 00:00:00,98
2016-09-06 00:00:00,115
2016-09-07 00:00:00,73
2016-09-08 00:00:00,67
2016-09-09 00:00:00,58
2016-09-10 00:00:00,47
2016-09-11 00:00:00,65
2016-09-12 00:00:00,81
2016-09-13 00:00:00,83
2016-09-14 00:00:00,68
2016-09-15 00:00:00,86
2016-09-16 00:00:00,90
2016-09-17 00:00:00,140
2016-09-18 00:00:00,148
2016-09-19 00:00:00,73
2016-09-20 00:00:00,95
2016-09-21 00:00:00,100
2016-09-22 00:00:00,107
2016-09-23 00:00:00,97
2016-09-24 00:00:00,106
2016-09-25 00:00:00,80
2016-09-26 00:00:00,76
2016-09-27 00:00:00,127
2016-09-28 00:00:00,51
2016-09-29 00:00:00,71
2016-09-30 00:00:00,85
2016-08-01 00:00:00,44
2016-08-02 00:00:00,66
2016-08-03 00:00:00,85
2016-08-04 00:00:00,64
2016-08-05 00:00:00,84
2016-08-06 00:00:00,50
2016-08-07 00:00:00,68
2016-08-08 00:00:00,62
2016-08-09 00:00:00,72
2016-08-10 00:00:00,59
2016-08-11 00:00:00,54
2016-08-12 00:00:00,54
2016-08-13 00:00:00,60
2016-08-14 00:00:00,97
2016-08-15 00:00:00,76
2016-08-16 00:00:00,75
2016-08-17 00:00:00,75
2016-08-18 00:00:00,76
2016-08-19 00:00:00,62
2016-08-20 00:00:00,59
2016-08-21 00:00:00,64
2016-08-22 00:00:00,63
2016-08-23 00:00:00,60
2016-08-24 00:00:00,73
2016-08-25 00:00:00,60
2016-08-26 00:00:00,47
2016-08-27 00:00:00,58
2016-08-28 00:00:00,58
2016-08-29 00:00:00,45
2016-08-30 00:00:00,55
2016-08-31 00:00:00,62
2016-07-01 00:00:00,125
2016-07-02 00:00:00,100
2016-07-03 00:00:00,90
2016-07-04 00:00:00,130
2016-07-05 00:00:00,159
2016-07-06 00:00:00,145
2016-07-07 00:00:00,115
2016-07-08 00:00:00,107
2016-07-09 00:00:00,62
2016-07-10 00:00:00,110
2016-07-11 00:00:00,122
2016-07-12 00:00:00,126
2016-07-13 00:00:00,125
2016-07-14 00:00:00,113
2016-07-15 00:00:00,65
2016-07-16 00:00:00,91
2016-07-17 00:00:00,170
2016-07-18 00:00:00,159
2016-07-19 00:00:00,100
2016-07-20 00:00:00,48
2016-07-21 00:00:00,70
2016-07-22 00:00:00,101
2016-07-23 00:00:00,88
2016-07-24 00:00:00,71
2016-07-25 00:00:00,60
2016-07-26 00:00:00,78
2016-07-27 00:00:00,79
2016-07-28 00:00:00,85
2016-07-29 00:00:00,98
2016-07-30 00:00:00,71
2016-07-31 00:00:00,48
2016-06-01 00:00:00,81
2016-06-02 00:00:00,114
2016-06-03 00:00:00,131
2016-06-04 00:00:00,146
2016-06-05 00:00:00,81
2016-06-06 00:00:00,103
2016-06-07 00:00:00,112
2016-06-08 00:00:00,95
2016-06-09 00:00:00,105
2016-06-10 00:00:00,101
2016-06-11 00:00:00,83
2016-06-12 00:00:00,79
2016-06-13 00:00:00,115
2016-06-14 00:00:00,72
2016-06-15 00:00:00,83
2016-06-16 00:00:00,93
2016-06-17 00:00:00,100
2016-06-18 00:00:00,120
2016-06-19 00:00:00,133
2016-06-20 00:00:00,123
2016-06-21 00:00:00,88
2016-06-22 00:00:00,129
2016-06-23 00:00:00,95
2016-06-24 00:00:00,97
2016-06-25 00:00:00,99
2016-06-26 00:00:00,119
2016-06-27 00:00:00,100
2016-06-28 00:00:00,100
2016-06-29 00:00:00,120
2016-06-30 00:00:00,126
2016-05-01 00:00:00,92
2016-05-02 00:00:00,68
2016-05-03 00:00:00,57
2016-05-04 00:00:00,87
2016-05-05 00:00:00,110
2016-05-06 00:00:00,95
2016-05-07 00:00:00,70
2016-05-08 00:00:00,52
2016-05-09 00:00:00,82
2016-05-10 00:00:00,92
2016-05-11 00:00:00,108
2016-05-12 00:00:00,67
2016-05-13 00:00:00,59
2016-05-14 00:00:00,67
2016-05-15 00:00:00,55
2016-05-16 00:00:00,58
2016-05-17 00:00:00,80
2016-05-18 00:00:00,71
2016-05-19 00:00:00,78
2016-05-20 00:00:00,70
2016-05-21 00:00:00,70
2016-05-22 00:00:00,60
2016-05-23 00:00:00,58
2016-05-24 00:00:00,60
2016-05-25 00:00:00,72
2016-05-26 00:00:00,43
2016-05-27 00:00:00,57
2016-05-28 00:00:00,78
2016-05-29 00:00:00,95
2016-05-30 00:00:00,92
2016-05-31 00:00:00,114
2016-04-01 00:00:00,111
2016-04-02 00:00:00,132
2016-04-03 00:00:00,51
2016-04-04 00:00:00,72
2016-04-05 00:00:00,125
2016-04-06 00:00:00,182
2016-04-07 00:00:00,102
2016-04-08 00:00:00,130
2016-04-09 00:00:00,91
2016-04-10 00:00:00,120
2016-04-11 00:00:00,106
2016-04-12 00:00:00,156
2016-04-13 00:00:00,65
2016-04-14 00:00:00,107
2016-04-15 00:00:00,174
2016-04-16 00:00:00,87
2016-04-17 00:00:00,83
2016-04-18 00:00:00,102
2016-04-19 00:00:00,108
2016-04-20 00:00:00,191
2016-04-21 00:00:00,194
2016-04-22 00:00:00,104
2016-04-23 00:00:00,132
2016-04-24 00:00:00,165
2016-04-25 00:00:00,133
2016-04-26 00:00:00,144
2016-04-27 00:00:00,121
2016-04-28 00:00:00,199
2016-04-29 00:00:00,166
2016-04-30 00:00:00,120
2016-03-01 00:00:00,130
2016-03-02 00:00:00,142
2016-03-03 00:00:00,105
2016-03-04 00:00:00,194
2016-03-05 00:00:00,176
2016-03-06 00:00:00,200
2016-03-07 00:00:00,217
2016-03-08 00:00:00,95
2016-03-09 00:00:00,59
2016-03-10 00:00:00,60
2016-03-11 00:00:00,49
2016-03-12 00:00:00,129
2016-03-13 00:00:00,140
2016-03-14 00:00:00,126
2016-03-15 00:00:00,144
2016-03-16 00:00:00,221
2016-03-17 00:00:00,216
2016-03-18 00:00:00,240
2016-03-19 00:00:00,219
2016-03-20 00:00:00,138
2016-03-21 00:00:00,102
2016-03-22 00:00:00,140
2016-03-23 00:00:00,90
2016-03-24 00:00:00,75
2016-03-25 00:00:00,114
2016-03-26 00:00:00,77
2016-03-27 00:00:00,66
2016-03-28 00:00:00,72
2016-03-29 00:00:00,100
2016-03-30 00:00:00,125
2016-03-31 00:00:00,125
2016-02-01 00:00:00,139
2016-02-02 00:00:00,99
2016-02-03 00:00:00,109
2016-02-04 00:00:00,148
2016-02-05 00:00:00,86
2016-02-06 00:00:00,44
2016-02-07 00:00:00,44
2016-02-08 00:00:00,97
2016-02-09 00:00:00,101
2016-02-10 00:00:00,189
2016-02-11 00:00:00,241
2016-02-12 00:00:00,230
2016-02-13 00:00:00,56
2016-02-14 00:00:00,41
2016-02-15 00:00:00,38
2016-02-16 00:00:00,42
2016-02-17 00:00:00,43
2016-02-18 00:00:00,60
2016-02-19 00:00:00,96
2016-02-20 00:00:00,65
2016-02-21 00:00:00,111
2016-02-22 00:00:00,183
2016-02-23 00:00:00,143
2016-02-24 00:00:00,95
2016-02-25 00:00:00,125
2016-02-26 00:00:00,95
2016-02-27 00:00:00,106
2016-02-28 00:00:00,126
2016-02-29 00:00:00,77
2016-01-01 00:00:00,271
2016-01-02 00:00:00,201
2016-01-03 00:00:00,415
2016-01-04 00:00:00,392
2016-01-05 00:00:00,209
2016-01-06 00:00:00,232
2016-01-07 00:00:00,268
2016-01-08 00:00:00,342
2016-01-09 00:00:00,430
2016-01-10 00:00:00,424
2016-01-11 00:00:00,308
2016-01-12 00:00:00,127
2016-01-13 00:00:00,88
2016-01-14 00:00:00,57
2016-01-15 00:00:00,82
2016-01-16 00:00:00,199
2016-01-17 00:00:00,257
2016-01-18 00:00:00,84
2016-01-19 00:00:00,146
2016-01-20 00:00:00,225
2016-01-21 00:00:00,270
2016-01-22 00:00:00,235
2016-01-23 00:00:00,63
2016-01-24 00:00:00,48
2016-01-25 00:00:00,48
2016-01-26 00:00:00,47
2016-01-27 00:00:00,93
2016-01-28 00:00:00,178
2016-01-29 00:00:00,222
2016-01-30 00:00:00,123
2016-01-31 00:00:00,132
2015-12-01 00:00:00,245
2015-12-02 00:00:00,105
2015-12-03 00:00:00,45
2015-12-04 00:00:00,52
2015-12-05 00:00:00,128
2015-12-06 00:00:00,183
2015-12-07 00:00:00,340
2015-12-08 00:00:00,284
2015-12-09 00:00:00,289
2015-12-10 00:00:00,417
2015-12-11 00:00:00,197
2015-12-12 00:00:00,145
2015-12-13 00:00:00,219
2015-12-14 00:00:00,82
2015-12-15 00:00:00,53
2015-12-16 00:00:00,35
2015-12-17 00:00:00,72
2015-12-18 00:00:00,131
2015-12-19 00:00:00,220
2015-12-20 00:00:00,288
2015-12-21 00:00:00,255
2015-12-22 00:00:00,371
2015-12-23 00:00:00,404
2015-12-24 00:00:00,346
2015-12-25 00:00:00,69
2015-12-26 00:00:00,118
2015-12-27 00:00:00,141
2015-12-28 00:00:00,175
2015-12-29 00:00:00,191
2015-12-30 00:00:00,145
2015-12-31 00:00:00,212
2015-11-01 00:00:00,62
2015-11-02 00:00:00,79
2015-11-03 00:00:00,116
2015-11-04 00:00:00,136
2015-11-05 00:00:00,183
2015-11-06 00:00:00,40
2015-11-07 00:00:00,63
2015-11-08 00:00:00,79
2015-11-09 00:00:00,99
2015-11-10 00:00:00,69
2015-11-11 00:00:00,82
2015-11-12 00:00:00,111
2015-11-13 00:00:00,197
2015-11-14 00:00:00,203
2015-11-15 00:00:00,96
2015-11-16 00:00:00,73
2015-11-17 00:00:00,58
2015-11-18 00:00:00,47
2015-11-19 00:00:00,65
2015-11-20 00:00:00,81
2015-11-21 00:00:00,49
2015-11-22 00:00:00,32
2015-11-23 00:00:00,44
2015-11-24 00:00:00,52
2015-11-25 00:00:00,90
2015-11-26 00:00:00,151
2015-11-27 00:00:00,163
2015-11-28 00:00:00,198
2015-11-29 00:00:00,165
2015-11-30 00:00:00,228
2015-10-01 00:00:00,83
2015-10-02 00:00:00,83
2015-10-03 00:00:00,98
2015-10-04 00:00:00,100
2015-10-05 00:00:00,69
2015-10-06 00:00:00,99
2015-10-07 00:00:00,66
2015-10-08 00:00:00,79
2015-10-09 00:00:00,35
2015-10-10 00:00:00,60
2015-10-11 00:00:00,48
2015-10-12 00:00:00,57
2015-10-13 00:00:00,67
2015-10-14 00:00:00,71
2015-10-15 00:00:00,62
2015-10-16 00:00:00,80
2015-10-17 00:00:00,111
2015-10-18 00:00:00,158
2015-10-19 00:00:00,94
2015-10-20 00:00:00,107
2015-10-21 00:00:00,126
2015-10-22 00:00:00,77
2015-10-23 00:00:00,74
2015-10-24 00:00:00,87
2015-10-25 00:00:00,43
2015-10-26 00:00:00,35
2015-10-27 00:00:00,33
2015-10-28 00:00:00,55
2015-10-29 00:00:00,82
2015-10-30 00:00:00,64
2015-10-31 00:00:00,87
2015-09-01 00:00:00,52
2015-09-02 00:00:00,26
2015-09-03 00:00:00,24
2015-09-04 00:00:00,34
2015-09-05 00:00:00,50
2015-09-06 00:00:00,42
2015-09-07 00:00:00,40
2015-09-08 00:00:00,55
2015-09-09 00:00:00,63
2015-09-10 00:00:00,86
2015-09-11 00:00:00,65
2015-09-12 00:00:00,42
2015-09-13 00:00:00,47
2015-09-14 00:00:00,57
2015-09-15 00:00:00,50
2015-09-16 00:00:00,61
2015-09-17 00:00:00,64
2015-09-18 00:00:00,60
2015-09-19 00:00:00,67
2015-09-20 00:00:00,61
2015-09-21 00:00:00,63
2015-09-22 00:00:00,72
2015-09-23 00:00:00,53
2015-09-24 00:00:00,62
2015-09-25 00:00:00,63
2015-09-26 00:00:00,67
2015-09-27 00:00:00,82
2015-09-28 00:00:00,96
2015-09-29 00:00:00,80
2015-09-30 00:00:00,90
2015-08-01 00:00:00,78
2015-08-02 00:00:00,88
2015-08-03 00:00:00,54
2015-08-04 00:00:00,43
2015-08-05 00:00:00,41
2015-08-06 00:00:00,65
2015-08-07 00:00:00,63
2015-08-08 00:00:00,68
2015-08-09 00:00:00,69
2015-08-10 00:00:00,57
2015-08-11 00:00:00,73
2015-08-12 00:00:00,85
2015-08-13 00:00:00,68
2015-08-14 00:00:00,77
2015-08-15 00:00:00,75
2015-08-16 00:00:00,92
2015-08-17 00:00:00,77
2015-08-18 00:00:00,95
2015-08-19 00:00:00,54
2015-08-20 00:00:00,82
2015-08-21 00:00:00,99
2015-08-22 00:00:00,104
2015-08-23 00:00:00,75
2015-08-24 00:00:00,58
2015-08-25 00:00:00,61
2015-08-26 00:00:00,80
2015-08-27 00:00:00,73
2015-08-28 00:00:00,75
2015-08-29 00:00:00,72
2015-08-30 00:00:00,66
2015-08-31 00:00:00,40
2015-07-01 00:00:00,87
2015-07-02 00:00:00,84
2015-07-03 00:00:00,83
2015-07-04 00:00:00,91
2015-07-05 00:00:00,99
2015-07-06 00:00:00,94
2015-07-07 00:00:00,104
2015-07-08 00:00:00,160
2015-07-09 00:00:00,118
2015-07-10 00:00:00,89
2015-07-11 00:00:00,88
2015-07-12 00:00:00,111
2015-07-13 00:00:00,92
2015-07-14 00:00:00,107
2015-07-15 00:00:00,83
2015-07-16 00:00:00,92
2015-07-17 00:00:00,131
2015-07-18 00:00:00,137
2015-07-19 00:00:00,95
2015-07-20 00:00:00,94
2015-07-21 00:00:00,115
2015-07-22 00:00:00,118
2015-07-23 00:00:00,134
2015-07-24 00:00:00,118
2015-07-25 00:00:00,80
2015-07-26 00:00:00,100
2015-07-27 00:00:00,73
2015-07-28 00:00:00,65
2015-07-29 00:00:00,64
2015-07-30 00:00:00,67
2015-07-31 00:00:00,69
2015-06-01 00:00:00,128
2015-06-02 00:00:00,133
2015-06-03 00:00:00,86
2015-06-04 00:00:00,100
2015-06-05 00:00:00,96
2015-06-06 00:00:00,95
2015-06-07 00:00:00,126
2015-06-08 00:00:00,98
2015-06-09 00:00:00,108
2015-06-10 00:00:00,156
2015-06-11 00:00:00,84
2015-06-12 00:00:00,93
2015-06-13 00:00:00,97
2015-06-14 00:00:00,130
2015-06-15 00:00:00,124
2015-06-16 00:00:00,146
2015-06-17 00:00:00,180
2015-06-18 00:00:00,164
2015-06-19 00:00:00,141
2015-06-20 00:00:00,87
2015-06-21 00:00:00,86
2015-06-22 00:00:00,130
2015-06-23 00:00:00,93
2015-06-24 00:00:00,51
2015-06-25 00:00:00,73
2015-06-26 00:00:00,123
2015-06-27 00:00:00,69
2015-06-28 00:00:00,78
2015-06-29 00:00:00,72
2015-06-30 00:00:00,79
2015-05-01 00:00:00,181
2015-05-02 00:00:00,126
2015-05-03 00:00:00,215
2015-05-04 00:00:00,153
2015-05-05 00:00:00,160
2015-05-06 00:00:00,171
2015-05-07 00:00:00,141
2015-05-08 00:00:00,84
2015-05-09 00:00:00,116
2015-05-10 00:00:00,94
2015-05-11 00:00:00,56
2015-05-12 00:00:00,63
2015-05-13 00:00:00,88
2015-05-14 00:00:00,111
2015-05-15 00:00:00,105
2015-05-16 00:00:00,117
2015-05-17 00:00:00,130
2015-05-18 00:00:00,102
2015-05-19 00:00:00,113
2015-05-20 00:00:00,82
2015-05-21 00:00:00,72
2015-05-22 00:00:00,81
2015-05-23 00:00:00,153
2015-05-24 00:00:00,146
2015-05-25 00:00:00,126
2015-05-26 00:00:00,125
2015-05-27 00:00:00,142
2015-05-28 00:00:00,149
2015-05-29 00:00:00,135
2015-05-30 00:00:00,93
2015-05-31 00:00:00,106
2015-04-01 00:00:00,85
2015-04-02 00:00:00,125
2015-04-03 00:00:00,190
2015-04-04 00:00:00,221
2015-04-05 00:00:00,235
2015-04-06 00:00:00,116
2015-04-07 00:00:00,102
2015-04-08 00:00:00,125
2015-04-09 00:00:00,163
2015-04-10 00:00:00,195
2015-04-11 00:00:00,188
2015-04-12 00:00:00,85
2015-04-13 00:00:00,80
2015-04-14 00:00:00,96
2015-04-15 00:00:00,102
2015-04-16 00:00:00,180
2015-04-17 00:00:00,158
2015-04-18 00:00:00,192
2015-04-19 00:00:00,150
2015-04-20 00:00:00,133
2015-04-21 00:00:00,117
2015-04-22 00:00:00,104
2015-04-23 00:00:00,102
2015-04-24 00:00:00,151
2015-04-25 00:00:00,167
2015-04-26 00:00:00,149
2015-04-27 00:00:00,115
2015-04-28 00:00:00,149
2015-04-29 00:00:00,148
2015-04-30 00:00:00,165
2015-03-01 00:00:00,72
2015-03-02 00:00:00,101
2015-03-03 00:00:00,93
2015-03-04 00:00:00,68
2015-03-05 00:00:00,103
2015-03-06 00:00:00,165
2015-03-07 00:00:00,199
2015-03-08 00:00:00,210
2015-03-09 00:00:00,166
2015-03-10 00:00:00,91
2015-03-11 00:00:00,120
2015-03-12 00:00:00,112
2015-03-13 00:00:00,194
2015-03-14 00:00:00,155
2015-03-15 00:00:00,255
2015-03-16 00:00:00,322
2015-03-17 00:00:00,210
2015-03-18 00:00:00,163
2015-03-19 00:00:00,244
2015-03-20 00:00:00,216
2015-03-21 00:00:00,134
2015-03-22 00:00:00,226
2015-03-23 00:00:00,131
2015-03-24 00:00:00,135
2015-03-25 00:00:00,118
2015-03-26 00:00:00,102
2015-03-27 00:00:00,145
2015-03-28 00:00:00,140
2015-03-29 00:00:00,152
2015-03-30 00:00:00,191
2015-03-31 00:00:00,178
2015-02-01 00:00:00,120
2015-02-02 00:00:00,163
2015-02-03 00:00:00,234
2015-02-04 00:00:00,146
2015-02-05 00:00:00,152
2015-02-06 00:00:00,114
2015-02-07 00:00:00,103
2015-02-08 00:00:00,81
2015-02-09 00:00:00,97
2015-02-10 00:00:00,98
2015-02-11 00:00:00,117
2015-02-12 00:00:00,146
2015-02-13 00:00:00,177
2015-02-14 00:00:00,236
2015-02-15 00:00:00,348
2015-02-16 00:00:00,180
2015-02-17 00:00:00,231
2015-02-18 00:00:00,155
2015-02-19 00:00:00,175
2015-02-20 00:00:00,135
2015-02-21 00:00:00,161
2015-02-22 00:00:00,108
2015-02-23 00:00:00,140
2015-02-24 00:00:00,236
2015-02-25 00:00:00,231
2015-02-26 00:00:00,172
2015-02-27 00:00:00,103
2015-02-28 00:00:00,99
2015-01-01 00:00:00,76
2015-01-02 00:00:00,118
2015-01-03 00:00:00,199
2015-01-04 00:00:00,278
2015-01-05 00:00:00,360
2015-01-06 00:00:00,137
2015-01-07 00:00:00,118
2015-01-08 00:00:00,108
2015-01-09 00:00:00,79
2015-01-10 00:00:00,103
2015-01-11 00:00:00,113
2015-01-12 00:00:00,136
2015-01-13 00:00:00,160
2015-01-14 00:00:00,215
2015-01-15 00:00:00,270
2015-01-16 00:00:00,163
2015-01-17 00:00:00,137
2015-01-18 00:00:00,101
2015-01-19 00:00:00,95
2015-01-20 00:00:00,171
2015-01-21 00:00:00,117
2015-01-22 00:00:00,100
2015-01-23 00:00:00,178
2015-01-24 00:00:00,247
2015-01-25 00:00:00,332
2015-01-26 00:00:00,401
2015-01-27 00:00:00,118
2015-01-28 00:00:00,94
2015-01-29 00:00:00,216
2015-01-30 00:00:00,239
2015-01-31 00:00:00,174
